{"cameraMode":{"drawMode":0,"name":"Shaded","section":"Shading Mode"},"sceneLighting":true,"audioPlay":false,"sceneViewState":{"showFog":true,"showMaterialUpdate":false,"showSkybox":true,"showFlares":true,"showImageEffects":true,"showParticleSystems":true,"showVisualEffectGraphs":true,"m_FxEnabled":true},"in2DMode":false,"pivot":{"x":580.0415649414063,"y":415.8231201171875,"z":-193.23916625976563},"rotation":{"x":-0.03929920122027397,"y":0.003594368929043412,"z":-0.0001414021971868351,"w":-0.9992225766181946},"size":210.65335083007813,"orthographic":false}