{"cameraMode":{"drawMode":0,"name":"Shaded","section":"Shading Mode"},"sceneLighting":true,"audioPlay":false,"sceneViewState":{"showFog":true,"showMaterialUpdate":false,"showSkybox":true,"showFlares":true,"showImageEffects":true,"showParticleSystems":true,"showVisualEffectGraphs":true,"m_FxEnabled":true},"in2DMode":false,"pivot":{"x":408.81756591796877,"y":383.9558410644531,"z":-542.250244140625},"rotation":{"x":-0.03929920122027397,"y":0.003594368929043412,"z":-0.0001414021971868351,"w":-0.9992225766181946},"size":160.07598876953126,"orthographic":false}